{
    "Error": ":x:",
    "TextChannnel": ":speech_balloon:",
    "VoiceChannel": ":loud_sound:",
    "AnnouncementChannel": ":loudspeaker:",
    "Online": ":green_circle:",
    "Idle": ":yellow_circle:",
    "Dnd": ":red_circle:",
    "Offline": ":no_mobile_phones:",
    "Uptime": ":timer:",
    "Fun": ":tada:",
    "Utility": ":gear:",
    "Info": ":regional_indicator_i:",
    "Moderation": ":bangbang:",
    "DoggoLul": ":dog:",
    "Coin": "coin",
    "Panda": ":panda_face:",
    "RedPanda": ":panda_face:",
    "Facts": ":grin:",
    "Joined": ":grin:",
    "Left": ":pensive:",
    "Loading": ":link:",
    "Streaming": ":camera:",
    "Lesbian": ":rainbow_flag:",
    "flagUS": ":flag_us:",
    "flagEurope": ":flag_eu:",
    "flagIndia": ":flag_in:",
    "flagJapan": ":flag_jp:",
    "flagRussia": ":flag_ru:",
    "flagBrazil": ":flag_br:",
    "flagSydney": ":flag_au:",
    "flagHonkkong": ":flag_hk:",
    "flagSingapore": ":flag_sg:",
    "flagSouthAfrica": ":flag_za:",
    "CreationDate": ":inbox_tray:",
    "Rock": ":fist:",
    "Scissors": ":v:",
    "Paper": ":raised_hand:",
    "Link": ":link:",
    "Wink": ":wink:",
    "Duck": ":duck:",
    "Koala": ":koala:",
    "Fox": ":fox:",
    "Bird": ":bird:",
    "Misc": ":tickets:",
    "Gay": ":rainbow_flag:",
    "Doggy": ":dog:",
    "Camera": ":camera:",
    "Search": ":mag:",
    "Wave": ":wave:"
}